cpt_id,depth,qc,fs,u2
CPT01,0.0,8.374,0.0454,0.0
CPT01,0.1,6.844,0.0418,0.0002
CPT01,0.2,8.953,0.0549,0.0004
CPT01,0.3,9.212,0.0633,0.0006
CPT01,0.4,5.97,0.0389,0.0008
CPT01,0.5,-0.05,0.0409,0.001
CPT01,0.6,8.155,0.0566,0.0012
CPT01,0.7,7.629,0.0406,0.0014
CPT01,0.8,7.98,0.0449,0.0016
CPT01,0.9,7.039,0.0385,0.0018
CPT01,1.0,9.128,0.0527,0.002
CPT01,1.1,8.99,0.047,0.0022
CPT01,1.2,8.08,0.0517,0.0024
CPT01,1.3,9.474,0.0556,0.0026
CPT01,1.4,8.581,0.0444,0.0028
CPT01,1.5,7.033,0.0381,0.003
CPT01,1.6,8.455,0.0523,0.0032
CPT01,1.7,6.928,0.0452,0.0034
CPT01,1.8,9.127,0.0669,0.0036
CPT01,1.9,7.94,0.0638,0.0038
CPT01,2.0,7.781,0.0487,0.004
CPT01,2.1,7.223,0.0393,0.0042
CPT01,2.2,9.61,0.0466,0.0044
CPT01,2.3,7.817,0.0482,0.0046
CPT01,2.4,7.502,0.0415,0.0048
CPT01,2.5,7.588,0.0437,0.005
CPT01,2.6,8.665,0.0489,0.0052
CPT01,2.7,8.451,0.05,0.0054
CPT01,2.8,8.511,0.0568,0.0056
CPT01,2.9,8.534,0.052,0.0058
CPT01,3.0,1.103,0.038,0.09
CPT01,3.1,0.753,0.0238,0.093
CPT01,3.2,0.741,0.0219,0.096
CPT01,3.3,0.708,0.0236,0.099
CPT01,3.4,0.877,0.0305,0.102
CPT01,3.5,0.948,0.0396,0.105
CPT01,3.6,0.786,0.0279,0.108
CPT01,3.7,0.705,0.0272,0.111
CPT01,3.8,0.707,0.0235,0.114
CPT01,3.9,0.882,0.0274,0.117
CPT01,4.0,0.894,,0.12
CPT01,4.1,0.868,0.0283,0.123
CPT01,4.2,0.724,0.0314,0.126
CPT01,4.3,0.828,0.0267,0.129
CPT01,4.4,0.814,0.031,0.132
CPT01,4.5,0.827,0.0264,0.135
CPT01,4.6,0.912,0.035,0.138
CPT01,4.7,0.827,0.0301,0.141
CPT01,4.8,0.886,0.0305,0.144
CPT01,4.9,0.808,0.0282,0.147
CPT01,5.0,0.835,0.0274,0.15
CPT01,5.1,0.879,0.0322,0.153
CPT01,5.2,0.643,0.0215,0.156
CPT01,5.3,0.763,0.0236,0.159
CPT01,5.4,0.746,0.023,0.162
CPT01,5.5,0.727,0.0259,0.165
CPT01,5.6,0.768,0.0315,0.168
CPT01,5.7,1.001,0.0356,0.171
CPT01,5.8,0.703,0.0243,0.174
CPT01,5.9,0.925,0.0333,0.177
CPT01,6.0,0.622,0.0248,0.18
CPT01,6.1,0.761,0.0272,0.183
CPT01,6.2,0.82,0.0275,0.186
CPT01,6.3,0.874,0.0342,0.189
CPT01,6.4,0.89,0.0325,0.192
CPT01,6.5,0.225,0.021,0.13
CPT01,6.6,0.19,0.0155,0.132
CPT01,6.7,0.187,0.0132,0.134
CPT01,6.8,0.227,0.0159,0.136
CPT01,6.9,0.194,0.0183,0.138
CPT01,7.0,0.165,0.0157,0.14
CPT01,7.1,0.169,0.0133,0.142
CPT01,7.2,0.174,0.0134,0.144
CPT01,7.3,0.215,0.02,0.146
CPT01,7.4,0.204,0.0146,0.148
CPT01,7.5,15.528,0.071,0.03
CPT01,7.6,13.131,0.07,0.0304
CPT01,7.7,14.337,0.0689,
CPT01,7.8,15.377,0.0768,0.0312
CPT01,7.9,13.365,0.0657,0.0316
CPT01,8.0,14.993,0.0775,0.032
CPT01,8.1,12.677,0.073,0.0324
CPT01,8.2,13.258,0.0669,0.0328
CPT01,8.3,13.221,0.0705,0.0332
CPT01,8.4,11.701,0.0477,0.0336
CPT01,8.5,15.061,0.0749,0.034
CPT01,8.6,13.048,0.06,0.0344
CPT01,8.7,14.026,0.0621,0.0348
CPT01,8.8,15.047,0.0689,0.0352
CPT01,8.9,14.97,0.0724,0.0356
CPT01,9.0,15.469,0.0848,0.036
CPT01,9.1,13.795,0.0604,0.0364
CPT01,9.2,13.139,0.0659,0.0368
CPT01,9.3,13.834,0.0659,0.0372
CPT01,9.4,10.869,0.0526,0.0376
CPT01,9.5,11.268,0.0623,0.038
CPT01,9.6,11.481,0.0606,0.0384
CPT01,9.7,12.055,0.0689,0.0388
CPT01,9.8,14.865,0.0732,0.0392
CPT01,9.9,12.222,0.057,0.0396
CPT01,10.0,13.228,0.0647,0.04
CPT01,10.1,17.012,0.0871,0.0404
CPT01,10.2,13.271,0.0675,0.0408
CPT01,10.3,15.638,0.0702,0.0412
CPT01,10.4,12.17,0.0614,0.0416
CPT01,10.5,13.575,0.0694,0.042
CPT01,10.6,12.141,0.0781,0.0424
CPT01,10.7,13.306,0.0803,0.0428
CPT01,10.8,15.881,0.0729,0.0432
CPT01,10.9,10.804,0.0525,0.0436
CPT01,11.0,14.943,0.0645,0.044
CPT01,11.1,14.508,0.0684,0.0444
CPT01,11.2,12.806,0.0661,0.0448
CPT01,11.3,11.27,0.0636,0.0452
CPT01,11.4,14.152,0.0658,0.0456
CPT01,11.5,12.931,0.0606,0.046
CPT01,11.6,14.497,0.0585,0.0464
CPT01,11.7,14.046,0.0691,0.0468
CPT01,11.8,17.802,0.08,0.0472
CPT01,11.9,13.506,0.064,0.0476
CPT02,0.0,7.014,0.0414,0.0
CPT02,0.1,7.888,0.0492,0.0002
CPT02,0.2,6.146,0.0408,0.0004
CPT02,0.3,6.42,0.0346,0.0006
CPT02,0.4,11.01,0.0652,0.0008
CPT02,0.5,6.595,0.0459,0.001
CPT02,0.6,6.786,0.0378,0.0012
CPT02,0.7,10.538,0.0582,0.0014
CPT02,0.8,12.369,0.0757,0.0016
CPT02,0.9,6.711,0.0438,0.0018
CPT02,1.0,-0.05,0.0455,0.002
CPT02,1.1,8.421,0.0577,0.0022
CPT02,1.2,10.368,0.0678,0.0024
CPT02,1.3,6.899,0.045,0.0026
CPT02,1.4,7.711,0.0489,0.0028
CPT02,1.5,8.989,0.0681,0.003
CPT02,1.6,8.539,0.0502,0.0032
CPT02,1.7,7.561,0.0371,0.0034
CPT02,1.8,7.841,0.0552,0.0036
CPT02,1.9,6.509,0.0373,0.0038
CPT02,2.0,7.719,0.0468,0.004
CPT02,2.1,7.687,0.0526,0.0042
CPT02,2.2,8.284,0.0423,0.0044
CPT02,2.3,7.361,0.039,0.0046
CPT02,2.4,8.586,0.0439,0.0048
CPT02,2.5,9.312,0.0516,0.005
CPT02,2.6,8.189,0.0513,0.0052
CPT02,2.7,8.433,0.0533,0.0054
CPT02,2.8,8.064,0.0497,0.0056
CPT02,2.9,8.0,0.0417,0.0058
CPT02,3.0,7.179,0.0342,0.006
CPT02,3.1,8.389,0.0506,0.0062
CPT02,3.2,7.884,0.0451,0.0064
CPT02,3.3,10.951,0.0688,0.0066
CPT02,3.4,1.013,0.038,0.102
CPT02,3.5,0.848,0.0301,0.105
CPT02,3.6,0.713,0.0269,0.108
CPT02,3.7,0.677,0.0242,0.111
CPT02,3.8,0.957,0.0353,0.114
CPT02,3.9,0.832,0.0271,0.117
CPT02,4.0,0.86,0.0296,0.12
CPT02,4.1,0.616,0.022,0.123
CPT02,4.2,0.919,0.0349,0.126
CPT02,4.3,0.856,0.0288,0.129
CPT02,4.4,0.677,0.025,0.132
CPT02,4.5,0.745,0.0254,0.135
CPT02,4.6,0.832,0.0288,0.138
CPT02,4.7,0.806,0.0307,0.141
CPT02,4.8,0.766,0.022,0.144
CPT02,4.9,0.788,0.0242,0.147
CPT02,5.0,0.77,0.0232,0.15
CPT02,5.1,0.819,0.0227,0.153
CPT02,5.2,0.998,0.0326,0.156
CPT02,5.3,0.544,0.0205,0.159
CPT02,5.4,0.772,0.0263,0.162
CPT02,5.5,0.821,0.0293,0.165
CPT02,5.6,0.836,0.0326,0.168
CPT02,5.7,0.757,0.0302,0.171
CPT02,5.8,0.615,0.0214,0.174
CPT02,5.9,0.84,0.0337,0.177
CPT02,6.0,1.037,0.0366,0.18
CPT02,6.1,0.636,0.0205,0.183
CPT02,6.2,0.911,0.03,0.186
CPT02,6.3,0.762,0.023,0.189
CPT02,6.4,0.793,0.0254,0.192
CPT02,6.5,0.683,0.0231,0.195
CPT02,6.6,0.761,0.0289,0.198
CPT02,6.7,0.972,0.0404,0.201
CPT02,6.8,0.873,0.0266,0.204
CPT02,6.9,0.259,0.0216,0.138
CPT02,7.0,0.239,0.0172,0.14
CPT02,7.1,0.214,0.0179,0.142
CPT02,7.2,0.26,0.0205,0.144
CPT02,7.3,0.214,0.0142,0.146
CPT02,7.4,0.226,0.0199,0.148
CPT02,7.5,0.191,0.0144,0.15
CPT02,7.6,0.202,0.0153,0.152
CPT02,7.7,0.18,0.0129,0.154
CPT02,7.8,0.232,0.0174,0.156
CPT02,7.9,11.732,0.0612,0.0316
CPT02,8.0,15.743,0.0772,0.032
CPT02,8.1,13.605,0.0703,0.0324
CPT02,8.2,16.689,0.0865,0.0328
CPT02,8.3,15.669,0.0894,0.0332
CPT02,8.4,18.396,0.0889,0.0336
CPT02,8.5,15.622,0.0674,0.034
CPT02,8.6,11.059,0.0615,0.0344
CPT02,8.7,13.86,0.067,0.0348
CPT02,8.8,11.743,0.0656,0.0352
CPT02,8.9,12.953,0.0673,0.0356
CPT02,9.0,17.562,0.0867,0.036
CPT02,9.1,15.405,0.0798,0.0364
CPT02,9.2,12.607,0.0766,0.0368
CPT02,9.3,12.025,0.074,0.0372
CPT02,9.4,14.069,0.0708,0.0376
CPT02,9.5,11.665,0.0593,0.038
CPT02,9.6,12.659,0.0705,0.0384
CPT02,9.7,14.671,0.0674,0.0388
CPT02,9.8,16.649,0.0861,0.0392
CPT02,9.9,15.339,0.0765,0.0396
CPT02,10.0,9.928,0.0512,0.04
CPT02,10.1,14.654,0.0674,0.0404
CPT02,10.2,14.152,0.0604,0.0408
CPT02,10.3,14.897,0.0605,0.0412
CPT02,10.4,17.841,0.0798,0.0416
CPT02,10.5,10.274,0.0491,0.042
CPT02,10.6,12.812,0.0622,0.0424
CPT02,10.7,15.298,0.0928,0.0428
CPT02,10.8,11.043,0.0617,0.0432
CPT02,10.9,17.469,0.0793,0.0436
CPT02,11.0,14.795,0.0766,0.044
CPT02,11.1,15.896,0.0763,0.0444
CPT02,11.2,12.851,0.0625,0.0448
CPT02,11.3,15.818,0.0806,0.0452
CPT02,11.4,16.434,0.0874,0.0456
CPT02,11.5,14.498,0.0701,0.046
CPT02,11.6,14.501,0.0806,0.0464
CPT02,11.7,14.579,0.065,0.0468
CPT02,11.8,12.299,0.0615,0.0472
CPT02,11.9,13.694,0.0888,0.0476
CPT03,0.0,8.272,0.0523,0.0
CPT03,0.1,9.919,0.0562,0.0002
CPT03,0.2,8.111,0.0553,0.0004
CPT03,0.3,8.728,0.0492,0.0006
CPT03,0.4,7.932,0.0447,0.0008
CPT03,0.5,7.798,0.0494,0.001
CPT03,0.6,7.117,0.0461,0.0012
CPT03,0.7,8.533,0.0535,0.0014
CPT03,0.8,7.041,0.0357,0.0016
CPT03,0.9,8.84,0.056,0.0018
CPT03,1.0,-0.05,0.0509,0.002
CPT03,1.1,8.452,0.0519,0.0022
CPT03,1.2,7.664,0.0399,0.0024
CPT03,1.3,8.564,0.0537,0.0026
CPT03,1.4,7.638,0.0423,0.0028
CPT03,1.5,9.205,0.0486,0.003
CPT03,1.6,6.078,0.0392,0.0032
CPT03,1.7,7.607,0.0468,0.0034
CPT03,1.8,5.935,0.0335,0.0036
CPT03,1.9,6.393,0.0443,0.0038
CPT03,2.0,9.816,0.0564,0.004
CPT03,2.1,9.15,0.0551,0.0042
CPT03,2.2,7.182,0.0443,0.0044
CPT03,2.3,6.386,0.036,0.0046
CPT03,2.4,5.128,0.0323,0.0048
CPT03,2.5,7.374,0.0419,0.005
CPT03,2.6,11.502,0.0662,0.0052
CPT03,2.7,0.854,0.0343,0.081
CPT03,2.8,0.736,0.0232,0.084
CPT03,2.9,0.858,0.0236,0.087
CPT03,3.0,0.633,0.026,0.09
CPT03,3.1,0.765,0.0346,0.093
CPT03,3.2,0.812,0.0273,0.096
CPT03,3.3,0.79,0.0228,0.099
CPT03,3.4,0.901,0.0306,0.102
CPT03,3.5,0.842,0.0287,0.105
CPT03,3.6,0.884,0.0304,0.108
CPT03,3.7,0.722,0.0226,0.111
CPT03,3.8,0.915,0.0339,0.114
CPT03,3.9,1.021,0.0377,0.117
CPT03,4.0,0.692,0.0208,0.12
CPT03,4.1,0.7,0.0263,0.123
CPT03,4.2,0.977,0.042,0.126
CPT03,4.3,0.777,0.0277,0.129
CPT03,4.4,0.988,0.0334,0.132
CPT03,4.5,0.749,0.0258,0.135
CPT03,4.6,0.995,0.037,0.138
CPT03,4.7,0.816,0.024,0.141
CPT03,4.8,0.832,0.0296,0.144
CPT03,4.9,1.012,0.0341,0.147
CPT03,5.0,0.758,0.0319,0.15
CPT03,5.1,0.695,0.0239,0.153
CPT03,5.2,0.748,0.0309,0.156
CPT03,5.3,0.856,0.0268,0.159
CPT03,5.4,0.633,0.0235,0.162
CPT03,5.5,0.88,0.0318,0.165
CPT03,5.6,0.738,0.0237,0.168
CPT03,5.7,0.95,0.0339,0.171
CPT03,5.8,0.559,0.0221,0.174
CPT03,5.9,0.711,0.0241,0.177
CPT03,6.0,0.621,,0.18
CPT03,6.1,0.707,0.0247,0.183
CPT03,6.2,0.208,0.0152,0.124
CPT03,6.3,0.195,0.0151,0.126
CPT03,6.4,0.193,0.0153,0.128
CPT03,6.5,0.195,0.0132,0.13
CPT03,6.6,0.206,0.014,0.132
CPT03,6.7,0.172,0.0144,0.134
CPT03,6.8,0.222,0.0169,0.136
CPT03,6.9,0.221,0.0137,0.138
CPT03,7.0,0.212,0.0183,0.14
CPT03,7.1,0.217,0.0179,0.142
CPT03,7.2,14.637,0.0681,0.0288
CPT03,7.3,18.998,0.0833,0.0292
CPT03,7.4,13.818,0.0751,0.0296
CPT03,7.5,13.37,0.0692,0.03
CPT03,7.6,12.504,0.0793,0.0304
CPT03,7.7,11.992,0.0625,0.0308
CPT03,7.8,11.616,0.0604,0.0312
CPT03,7.9,12.253,0.0602,0.0316
CPT03,8.0,13.852,0.0752,0.032
CPT03,8.1,14.72,0.0783,0.0324
CPT03,8.2,14.108,0.0799,0.0328
CPT03,8.3,12.481,0.0592,0.0332
CPT03,8.4,16.024,0.0767,0.0336
CPT03,8.5,15.642,0.0746,0.034
CPT03,8.6,13.669,0.074,0.0344
CPT03,8.7,12.694,0.0737,0.0348
CPT03,8.8,15.2,0.0726,0.0352
CPT03,8.9,14.4,0.069,0.0356
CPT03,9.0,11.267,0.0581,0.036
CPT03,9.1,13.858,0.0676,0.0364
CPT03,9.2,14.561,0.0801,0.0368
CPT03,9.3,12.233,0.0488,0.0372
CPT03,9.4,14.404,0.0663,0.0376
CPT03,9.5,11.255,0.052,0.038
CPT03,9.6,17.107,0.0678,0.0384
CPT03,9.7,16.882,0.0767,0.0388
CPT03,9.8,13.48,0.0615,0.0392
CPT03,9.9,14.784,0.0725,0.0396
CPT03,10.0,9.753,0.0545,0.04
CPT03,10.1,11.771,0.0574,0.0404
CPT03,10.2,13.396,0.0604,0.0408
CPT03,10.3,11.92,0.0593,0.0412
CPT03,10.4,15.584,0.0865,0.0416
CPT03,10.5,18.89,0.0857,0.042
CPT03,10.6,11.735,0.0536,0.0424
CPT03,10.7,12.347,0.0653,0.0428
CPT03,10.8,14.503,0.0709,0.0432
CPT03,10.9,17.827,0.0951,0.0436
CPT03,11.0,11.655,0.0582,0.044
CPT03,11.1,14.533,0.0779,0.0444
CPT03,11.2,18.398,0.0829,0.0448
CPT03,11.3,10.928,0.0546,0.0452
CPT03,11.4,11.552,0.0566,0.0456
CPT03,11.5,13.138,0.0582,0.046
CPT03,11.6,12.948,0.0554,0.0464
CPT03,11.7,15.815,0.0847,0.0468
CPT03,11.8,14.517,0.0701,0.0472
CPT03,11.9,10.728,0.0484,0.0476
CPT01,1.0,9.128,0.0527,0.002
CPT02,8.0,15.743,0.0772,0.032
